county_x,FIPS,pop_count,POPESTIMATE2020,pop_diffs,pop_diffs_abs,undercount,percent_change,overcount_5_prc,undercount_5_prc,overcount_10_prc,undercount_10_prc,annual_growth_rate,overcount,total_housing,occ_housing,unocc_housing,total_group,total_inst,adult_jail,juvenille_jail,nursing_homes,other_inst,non_inst_total,college_housing,military_housing,other_non_inst,state_fips_x,county_fips_x,CENSUS2010POP,BIRTHS2020,DEATHS2020,NATURALINC2020,INTERNATIONALMIG2020,DOMESTICMIG2020,fatalityCount,pop_covid_est,county_y,0-5_pop,5-9_pop,10-14_pop,15-19_pop,20-24_pop,25-34_pop,35-44_pop,45-54_pop,55-59_pop,60-64_pop,65-74_pop,75-84_pop,85_plus_pop,white_pop,black_pop,ai_an_pop,asian_pop,black_w_other_race_pop,hisp_any_race_pop,male_pop,female_pop,state_fips_y,county_fips_y
Alamance County,37001,171415.0,171346.0,-69.0,69.0,0,-0.0402693964259451,0,0,0,0,17134.5,1,73385.0,67925.0,5460.0,6092.0,1029.0,397.0,18.0,601.0,13.0,5063.0,4427.0,0.0,636.0,37,1,151131,1942,1879,63,36,2078,1356,169509,"Alamance County, North Carolina",9647.0,9977.0,10746.0,13099.0,10982.0,20616.0,19173.0,22238.0,11925.0,9874.0,15895.0,8334.0,3638.0,114429.0,32917.0,688.0,2679.0,35432.0,21153.0,78854.0,87290.0,37,1
Alexander County,37003,36444.0,37441.0,997.0,997.0,1,2.662856227130685,0,0,0,0,3744.0,0,15960.0,14408.0,1552.0,1492.0,1434.0,1274.0,14.0,146.0,0.0,58.0,10.0,0.0,48.0,37,3,37198,344,431,-87,0,109,1,37497,"Alexander County, North Carolina",1770.0,1810.0,2563.0,2081.0,2152.0,4338.0,4489.0,5237.0,2734.0,2556.0,4271.0,2380.0,890.0,32670.0,1924.0,350.0,394.0,2526.0,1779.0,19049.0,18222.0,37,3
Alleghany County,37005,10888.0,11194.0,306.0,306.0,1,2.7336072896194388,0,0,0,0,1119.3,0,7666.0,4844.0,2822.0,246.0,107.0,39.0,0.0,68.0,0.0,139.0,0.0,0.0,139.0,37,5,11155,84,154,-70,6,125,0,11137,"Alleghany County, North Carolina",457.0,480.0,592.0,623.0,417.0,1123.0,1102.0,1436.0,751.0,1057.0,1760.0,979.0,308.0,10526.0,183.0,54.0,47.0,255.0,1080.0,5377.0,5708.0,37,5
Anson County,37007,22055.0,24097.0,2042.0,2042.0,1,8.474083910860273,1,0,0,0,2409.6,0,9834.0,8554.0,1280.0,1641.0,1612.0,1394.0,0.0,218.0,0.0,29.0,0.0,0.0,29.0,37,7,26948,256,312,-56,29,590,44,24446,"Anson County, North Carolina",1180.0,1259.0,1584.0,1393.0,1377.0,3373.0,3002.0,3282.0,1853.0,1575.0,2732.0,1333.0,487.0,11540.0,11990.0,108.0,315.0,12196.0,1002.0,12394.0,12036.0,37,7
Ashe County,37009,26577.0,27166.0,589.0,589.0,1,2.1681513656776854,0,0,0,0,2716.5,0,16935.0,11708.0,5227.0,455.0,347.0,127.0,8.0,212.0,0.0,108.0,0.0,0.0,108.0,37,9,27281,203,391,-188,-2,143,20,27203,"Ashe County, North Carolina",1100.0,1166.0,1600.0,1379.0,1181.0,2792.0,3067.0,3483.0,1964.0,2428.0,4041.0,2044.0,764.0,25891.0,199.0,77.0,162.0,321.0,1349.0,13288.0,13721.0,37,9
Avery County,37011,17806.0,17571.0,-235.0,235.0,0,-1.3374309942518925,0,0,0,0,1757.0,1,13827.0,6860.0,6967.0,2516.0,1956.0,1810.0,13.0,133.0,0.0,560.0,489.0,0.0,71.0,37,11,17797,148,242,-94,12,158,0,17557,"Avery County, North Carolina",600.0,630.0,790.0,990.0,1096.0,2168.0,2346.0,2506.0,1028.0,1487.0,2282.0,1213.0,374.0,16099.0,762.0,197.0,76.0,838.0,877.0,9635.0,7875.0,37,11
Beaufort County,37013,44652.0,47073.0,2421.0,2421.0,1,5.1430756484609015,1,0,0,0,4707.2,0,24090.0,19430.0,4660.0,429.0,261.0,0.0,0.0,261.0,0.0,168.0,0.0,0.0,168.0,37,13,47759,424,648,-224,18,184,0,46994,"Beaufort County, North Carolina",2291.0,2415.0,2959.0,2773.0,2374.0,4706.0,5065.0,5993.0,3424.0,3966.0,6724.0,3146.0,1324.0,33548.0,11607.0,63.0,49.0,12153.0,3767.0,22430.0,24730.0,37,13
Bertie County,37015,17934.0,18712.0,778.0,778.0,1,4.157759726378794,0,0,0,0,1871.1,0,8936.0,7264.0,1672.0,1515.0,1480.0,1367.0,0.0,113.0,0.0,35.0,0.0,0.0,35.0,37,15,21282,165,280,-115,8,-142,244,18947,"Bertie County, North Carolina",808.0,1025.0,822.0,989.0,1143.0,2439.0,2008.0,2349.0,1439.0,1711.0,2427.0,1492.0,429.0,6641.0,11803.0,76.0,136.0,11966.0,405.0,9572.0,9509.0,37,15
Bladen County,37017,29606.0,32911.0,3305.0,3305.0,1,10.042235118957189,1,0,1,0,3291.0,0,15131.0,12410.0,2721.0,327.0,272.0,112.0,0.0,160.0,0.0,55.0,0.0,0.0,55.0,37,17,35190,345,490,-145,2,190,109,32722,"Bladen County, North Carolina",1732.0,1856.0,2079.0,1938.0,1691.0,3686.0,3718.0,4156.0,2457.0,2598.0,4429.0,2127.0,742.0,19225.0,11520.0,876.0,53.0,11624.0,2514.0,15982.0,17227.0,37,17
Brunswick County,37019,136693.0,149039.0,12346.0,12346.0,1,8.283737813592415,1,0,0,0,14903.8,0,88330.0,61496.0,26834.0,964.0,851.0,241.0,0.0,610.0,0.0,113.0,0.0,0.0,113.0,37,19,107431,1035,1821,-786,4,6875,204,142820,"Brunswick County, North Carolina",5281.0,5576.0,6423.0,5667.0,5333.0,12474.0,13186.0,15157.0,11636.0,13333.0,29130.0,11163.0,2944.0,115159.0,12919.0,830.0,725.0,15095.0,6690.0,65902.0,71401.0,37,19
Buncombe County,37021,269452.0,263477.0,-5975.0,5975.0,0,-2.2677501261969737,0,0,0,0,26347.6,1,129141.0,116237.0,12904.0,8156.0,3835.0,1390.0,78.0,2269.0,98.0,4321.0,2472.0,0.0,1849.0,37,21,238318,2465,2857,-392,142,1676,1368,261191,"Buncombe County, North Carolina",12692.0,12972.0,14020.0,14249.0,13987.0,36083.0,34700.0,33156.0,17329.0,18512.0,30676.0,13709.0,7491.0,227845.0,15957.0,836.0,3268.0,18384.0,17396.0,124395.0,135181.0,37,21
Burke County,37023,87570.0,90418.0,2848.0,2848.0,1,3.149815302262824,0,0,0,0,9041.7,0,39525.0,35140.0,4385.0,2832.0,2227.0,1145.0,78.0,768.0,236.0,605.0,0.0,0.0,605.0,37,23,90912,863,1133,-270,53,208,1058,90485,"Burke County, North Carolina",4326.0,4264.0,5027.0,5539.0,5048.0,11220.0,10376.0,12486.0,7164.0,6555.0,10395.0,5331.0,2417.0,75763.0,5521.0,813.0,3343.0,6583.0,5622.0,44935.0,45213.0,37,23
Cabarrus County,37025,225804.0,221479.0,-4325.0,4325.0,0,-1.952781076309718,0,0,0,0,22147.8,1,87410.0,82596.0,4814.0,1806.0,1413.0,555.0,137.0,713.0,8.0,393.0,178.0,0.0,215.0,37,25,178011,2574,1821,753,94,4317,1512,216453,"Cabarrus County, North Carolina",13421.0,14058.0,17012.0,14799.0,11733.0,26662.0,30316.0,30835.0,13380.0,11449.0,16941.0,7599.0,3400.0,146344.0,39530.0,672.0,8780.0,42312.0,22444.0,103136.0,108469.0,37,25
Caldwell County,37027,80652.0,82100.0,1448.0,1448.0,1,1.763702801461632,0,0,0,0,8209.9,0,36931.0,33166.0,3765.0,1105.0,839.0,413.0,3.0,417.0,6.0,266.0,0.0,0.0,266.0,37,27,83029,828,1100,-272,51,42,143,82178,"Caldwell County, North Carolina",4169.0,4062.0,5150.0,5031.0,4499.0,9112.0,8949.0,12671.0,6156.0,5723.0,9961.0,4784.0,1789.0,72500.0,3509.0,194.0,428.0,4706.0,4677.0,40494.0,41562.0,37,27
Camden County,37029,10355.0,10984.0,629.0,629.0,1,5.726511289147852,1,0,0,0,1098.3,0,4119.0,3875.0,244.0,7.0,0.0,0.0,0.0,0.0,0.0,7.0,0.0,0.0,7.0,37,29,9980,101,74,27,2,186,0,10867,"Camden County, North Carolina",560.0,663.0,770.0,654.0,348.0,1286.0,1371.0,1721.0,841.0,566.0,1146.0,530.0,198.0,8721.0,1181.0,24.0,195.0,1400.0,325.0,5369.0,5285.0,37,29
Carteret County,37031,67686.0,69558.0,1872.0,1872.0,1,2.691279220219098,0,0,0,0,6955.7,0,50846.0,30112.0,20734.0,864.0,702.0,424.0,0.0,278.0,0.0,162.0,33.0,32.0,97.0,37,31,66469,504,964,-460,20,489,310,69473,"Carteret County, North Carolina",2828.0,3348.0,3677.0,3639.0,3122.0,6863.0,7652.0,9130.0,5263.0,6473.0,10528.0,5048.0,1730.0,61715.0,3418.0,212.0,786.0,4866.0,3011.0,33928.0,35373.0,37,31
Caswell County,37033,22736.0,22443.0,-293.0,293.0,0,-1.3055295637838078,0,0,0,0,2244.2,1,10444.0,9124.0,1320.0,1476.0,1367.0,1232.0,0.0,135.0,0.0,109.0,0.0,0.0,109.0,37,33,23719,210,271,-61,13,-99,53,22604,"Caswell County, North Carolina",1048.0,737.0,1645.0,1391.0,1300.0,2150.0,2699.0,3170.0,1814.0,1803.0,2918.0,1486.0,458.0,14241.0,7391.0,56.0,204.0,7573.0,958.0,11416.0,11203.0,37,33
Catawba County,37035,160610.0,160307.0,-303.0,303.0,0,-0.189012332586849,0,0,0,0,16030.6,1,70744.0,64471.0,6273.0,2826.0,1503.0,443.0,37.0,1023.0,0.0,1323.0,844.0,0.0,479.0,37,35,154358,1688,1819,-131,136,940,432,159551,"Catawba County, North Carolina",8844.0,9322.0,10508.0,10397.0,9344.0,18694.0,18813.0,22244.0,12110.0,10083.0,16930.0,8404.0,2814.0,124385.0,13148.0,632.0,7064.0,15533.0,15636.0,77513.0,80994.0,37,35
Chatham County,37037,76285.0,75748.0,-537.0,537.0,0,-0.70892960870254,0,0,0,0,7574.7,1,33947.0,31288.0,2659.0,807.0,711.0,66.0,28.0,617.0,0.0,96.0,0.0,0.0,96.0,37,37,63505,629,845,-216,-13,1567,1738,74470,"Chatham County, North Carolina",3478.0,3867.0,4587.0,3888.0,3213.0,6576.0,8409.0,10092.0,5656.0,5330.0,10199.0,5011.0,2547.0,57630.0,8598.0,130.0,1182.0,9536.0,8794.0,34691.0,38162.0,37,37
Cherokee County,37039,28774.0,29073.0,299.0,299.0,1,1.0284456368451829,0,0,0,0,2907.2,0,17863.0,12705.0,5158.0,353.0,257.0,117.0,0.0,140.0,0.0,96.0,0.0,0.0,96.0,37,39,27444,248,379,-131,2,497,92,28612,"Cherokee County, North Carolina",1081.0,1144.0,1536.0,1304.0,1366.0,2548.0,2839.0,3482.0,2065.0,2609.0,5144.0,2583.0,712.0,26433.0,365.0,489.0,219.0,586.0,980.0,13913.0,14500.0,37,39
Chowan County,37041,13708.0,13815.0,107.0,107.0,1,0.7745204487875498,0,0,0,0,1381.4,0,7131.0,5884.0,1247.0,284.0,254.0,22.0,12.0,220.0,0.0,30.0,0.0,0.0,30.0,37,41,14793,126,216,-90,-2,-9,0,13943,"Chowan County, North Carolina",750.0,593.0,931.0,694.0,392.0,1770.0,1612.0,1564.0,1121.0,1090.0,2038.0,893.0,547.0,8463.0,4790.0,65.0,68.0,4975.0,502.0,6631.0,7364.0,37,41
Clay County,37043,11089.0,11505.0,416.0,416.0,1,3.615819209039548,0,0,0,0,1150.4,0,7295.0,4880.0,2415.0,98.0,81.0,0.0,3.0,78.0,0.0,17.0,0.0,0.0,17.0,37,43,10587,84,144,-60,-2,293,0,11231,"Clay County, North Carolina",510.0,560.0,647.0,411.0,341.0,1082.0,1054.0,1214.0,525.0,1344.0,2048.0,1252.0,162.0,10754.0,215.0,58.0,20.0,237.0,385.0,5158.0,5992.0,37,43
Cleveland County,37045,99519.0,99035.0,-484.0,484.0,0,-0.4887161104659968,0,0,0,0,9903.4,1,43630.0,39887.0,3743.0,2100.0,676.0,255.0,25.0,396.0,0.0,1424.0,1155.0,0.0,269.0,37,45,98078,1151,1358,-207,44,1240,159,97947,"Cleveland County, North Carolina",5576.0,6015.0,6044.0,6505.0,6254.0,11392.0,10806.0,13393.0,7017.0,6680.0,10854.0,5136.0,2093.0,72430.0,20260.0,240.0,985.0,21334.0,3618.0,47150.0,50615.0,37,45
Columbus County,37047,50623.0,54754.0,4131.0,4131.0,1,7.544654271834021,1,0,0,0,5475.3,0,23433.0,20368.0,3065.0,2508.0,2445.0,2187.0,9.0,249.0,0.0,63.0,0.0,0.0,63.0,37,47,58098,558,822,-264,6,-438,1579,55508,"Columbus County, North Carolina",2975.0,3424.0,3054.0,3351.0,3543.0,6776.0,6522.0,7170.0,3670.0,4032.0,6563.0,3473.0,1106.0,34770.0,16519.0,1964.0,246.0,17330.0,3061.0,27580.0,28079.0,37,47
Craven County,37049,100720.0,101233.0,513.0,513.0,1,0.5067517509112641,0,0,0,0,10123.2,0,46800.0,40932.0,5868.0,3469.0,1470.0,818.0,0.0,652.0,0.0,1999.0,0.0,1786.0,213.0,37,49,103505,1304,1146,158,59,-1009,344,102139,"Craven County, North Carolina",6468.0,6377.0,5794.0,6160.0,9760.0,13425.0,11291.0,10585.0,6466.0,6258.0,11423.0,5977.0,2306.0,71278.0,21899.0,673.0,2982.0,23312.0,7644.0,51413.0,50877.0,37,49
Cumberland County,37051,334728.0,336364.0,1636.0,1636.0,1,0.4863778525644837,0,0,0,0,33636.3,0,142175.0,128978.0,13197.0,14474.0,1884.0,535.0,116.0,1233.0,0.0,12590.0,1365.0,10800.0,425.0,37,51,319431,5379,2912,2467,559,-3184,1440,335509,"Cumberland County, North Carolina",25266.0,23505.0,21385.0,22904.0,33831.0,57306.0,39505.0,35676.0,19065.0,16209.0,23703.0,11827.0,4380.0,162289.0,124500.0,4299.0,8452.0,137579.0,40081.0,166102.0,168460.0,37,51
Currituck County,37053,28100.0,29052.0,952.0,952.0,1,3.2768828307861764,0,0,0,0,2905.1,0,15989.0,10723.0,5266.0,147.0,79.0,23.0,0.0,56.0,0.0,68.0,0.0,0.0,68.0,37,53,23547,271,205,66,1,1075,0,27763,"Currituck County, North Carolina",1419.0,1627.0,1876.0,1615.0,1207.0,3230.0,3521.0,3929.0,2087.0,2232.0,2883.0,1200.0,384.0,24261.0,1496.0,93.0,111.0,1837.0,1138.0,13515.0,13695.0,37,53
Dare County,37055,36915.0,37547.0,632.0,632.0,1,1.6832236929714757,0,0,0,0,3754.6,0,34237.0,15966.0,18271.0,310.0,187.0,55.0,0.0,132.0,0.0,123.0,14.0,42.0,67.0,37,55,33920,312,355,-43,43,479,109,37009,"Dare County, North Carolina",1563.0,1926.0,2149.0,1877.0,1650.0,3537.0,4488.0,5126.0,3060.0,3469.0,5169.0,2164.0,520.0,33445.0,1223.0,54.0,200.0,1425.0,2720.0,18377.0,18321.0,37,55
Davidson County,37057,168930.0,169234.0,304.0,304.0,1,0.1796329342803455,0,0,0,0,16923.3,0,74536.0,68126.0,6410.0,1863.0,1652.0,647.0,104.0,901.0,0.0,211.0,0.0,0.0,211.0,37,57,162878,1768,2002,-234,96,1134,812,167609,"Davidson County, North Carolina",9113.0,10630.0,10153.0,10138.0,9328.0,19481.0,19532.0,24299.0,13020.0,10905.0,17569.0,9531.0,3138.0,140969.0,15760.0,422.0,2572.0,17592.0,12265.0,81445.0,85392.0,37,57
Davie County,37059,42712.0,43286.0,574.0,574.0,1,1.3260638543639978,0,0,0,0,4328.5,0,18753.0,17256.0,1497.0,412.0,375.0,53.0,0.0,322.0,0.0,37.0,0.0,0.0,37.0,37,59,41240,401,490,-89,-11,692,197,42846,"Davie County, North Carolina",2076.0,2464.0,2788.0,2605.0,2153.0,4177.0,4705.0,6432.0,3434.0,2910.0,5034.0,2891.0,874.0,37696.0,2035.0,273.0,295.0,2284.0,2940.0,20628.0,21915.0,37,59
Duplin County,37061,48715.0,58794.0,10079.0,10079.0,1,17.142905738680817,1,0,1,0,5879.3,0,23704.0,19195.0,4509.0,426.0,271.0,0.0,0.0,271.0,0.0,155.0,0.0,0.0,155.0,37,61,58505,700,625,75,93,-176,936,58741,"Duplin County, North Carolina",3646.0,4451.0,3540.0,3776.0,3465.0,6629.0,6814.0,7451.0,4512.0,3767.0,6401.0,3180.0,1333.0,40646.0,13655.0,222.0,187.0,14815.0,13225.0,28746.0,30219.0,37,61
Durham County,37063,324833.0,327306.0,2473.0,2473.0,1,0.7555620734114253,0,0,0,0,32730.5,0,144559.0,134653.0,9906.0,14333.0,4123.0,2758.0,4.0,1319.0,42.0,10210.0,8115.0,0.0,2095.0,37,63,267587,4188,2429,1759,1271,1314,2991,321488,"Durham County, North Carolina",20402.0,18016.0,17558.0,20257.0,22146.0,57802.0,44612.0,38515.0,18849.0,17970.0,25813.0,10925.0,4800.0,161588.0,112965.0,850.0,15802.0,119578.0,43051.0,151807.0,165858.0,37,63
Edgecombe County,37065,48900.0,50829.0,1929.0,1929.0,1,3.795077613173582,0,0,0,0,5082.8,0,23059.0,19971.0,3088.0,694.0,390.0,124.0,22.0,244.0,0.0,304.0,0.0,0.0,304.0,37,65,56552,572,730,-158,11,-450,534,51472,"Edgecombe County, North Carolina",2987.0,3195.0,3518.0,3052.0,3036.0,6416.0,5596.0,6204.0,3572.0,4217.0,6101.0,3099.0,1076.0,20497.0,29920.0,176.0,84.0,30436.0,2512.0,24168.0,27901.0,37,65
Forsyth County,37067,382590.0,383843.0,1253.0,1253.0,1,0.326435547867227,0,0,0,0,38384.2,0,170176.0,156635.0,13541.0,10927.0,2657.0,913.0,80.0,1600.0,64.0,8270.0,7669.0,0.0,601.0,37,67,350670,4367,3714,653,333,716,1060,382295,"Forsyth County, North Carolina",22479.0,24070.0,25414.0,27249.0,24799.0,49894.0,45369.0,49545.0,26106.0,23245.0,35406.0,17829.0,7094.0,242798.0,98741.0,1318.0,9070.0,106884.0,49324.0,179533.0,198966.0,37,67
Franklin County,37069,68573.0,71859.0,3286.0,3286.0,1,4.572844041804089,0,0,0,0,7185.8,0,29358.0,26300.0,3058.0,1570.0,970.0,764.0,0.0,206.0,0.0,600.0,483.0,0.0,117.0,37,69,60619,752,714,38,60,1998,1525,69685,"Franklin County, North Carolina",3787.0,4124.0,4360.0,4288.0,3983.0,7966.0,8448.0,9585.0,5347.0,4637.0,7044.0,3488.0,970.0,45378.0,16389.0,644.0,311.0,18085.0,5875.0,33766.0,34261.0,37,69
Gaston County,37071,227943.0,226568.0,-1375.0,1375.0,0,-0.6068818191448042,0,0,0,0,22656.7,1,98136.0,90799.0,7337.0,3460.0,2367.0,686.0,26.0,1641.0,14.0,1093.0,748.0,0.0,345.0,37,71,206086,2561,2646,-85,71,1929,515,224529,"Gaston County, North Carolina",13133.0,13823.0,14378.0,13838.0,12851.0,29419.0,27682.0,31982.0,14617.0,14669.0,21530.0,10368.0,3829.0,168479.0,36817.0,665.0,3764.0,41188.0,16172.0,107131.0,114988.0,37,71
Gates County,37073,10478.0,11464.0,986.0,986.0,1,8.600837404047452,1,0,0,0,1146.3,0,4767.0,4244.0,523.0,116.0,116.0,0.0,0.0,116.0,0.0,0.0,0.0,0.0,0.0,37,73,12197,94,131,-37,1,-36,55,11562,"Gates County, North Carolina",422.0,640.0,800.0,760.0,509.0,1195.0,1068.0,1805.0,912.0,1047.0,1450.0,656.0,255.0,7260.0,3638.0,93.0,178.0,3744.0,11.0,5571.0,5948.0,37,73
Graham County,37075,8030.0,8474.0,444.0,444.0,1,5.239556289827709,1,0,0,0,847.3,0,5212.0,3317.0,1895.0,275.0,96.0,23.0,0.0,73.0,0.0,179.0,0.0,0.0,179.0,37,75,8861,83,109,-26,-1,32,0,8441,"Graham County, North Carolina",380.0,337.0,683.0,533.0,407.0,797.0,1000.0,1184.0,551.0,633.0,1112.0,573.0,311.0,7443.0,16.0,764.0,0.0,16.0,318.0,4003.0,4498.0,37,75
Granville County,37077,60992.0,60486.0,-506.0,506.0,0,-0.8365572198525277,0,0,0,0,6048.5,1,24214.0,22461.0,1753.0,4276.0,3635.0,3119.0,97.0,121.0,298.0,641.0,0.0,0.0,641.0,37,77,59916,582,632,-50,16,162,740,60443,"Granville County, North Carolina",2974.0,3226.0,3762.0,3742.0,3669.0,6962.0,7503.0,8934.0,5187.0,3677.0,6162.0,3038.0,987.0,36105.0,17635.0,214.0,324.0,19373.0,4941.0,30465.0,29358.0,37,77
Greene County,37079,20451.0,20928.0,477.0,477.0,1,2.279243119266055,0,0,0,0,2092.7,0,7846.0,6984.0,862.0,3397.0,3272.0,3129.0,0.0,143.0,0.0,125.0,0.0,0.0,125.0,37,79,21362,215,237,-22,1,33,95,21069,"Greene County, North Carolina",1024.0,1155.0,1318.0,1388.0,1063.0,2908.0,3086.0,2671.0,1373.0,1571.0,2071.0,1010.0,349.0,11961.0,7087.0,103.0,10.0,7656.0,3213.0,11529.0,9458.0,37,79
Guilford County,37081,541299.0,540521.0,-778.0,778.0,0,-0.1439352032575977,0,0,0,0,54052.0,1,232277.0,216022.0,16255.0,25462.0,3356.0,892.0,102.0,2345.0,17.0,22106.0,20084.0,0.0,2022.0,37,81,488406,6074,5065,1009,1087,520,4563,537174,"Guilford County, North Carolina",31237.0,32405.0,34188.0,40665.0,38316.0,73472.0,65229.0,70267.0,34744.0,31515.0,47613.0,22511.0,10794.0,288050.0,182467.0,2559.0,27443.0,192362.0,43379.0,252457.0,280499.0,37,81
Halifax County,37083,48622.0,49479.0,857.0,857.0,1,1.7320479395299015,0,0,0,0,4947.8,0,24735.0,20707.0,4028.0,1296.0,1228.0,983.0,12.0,233.0,0.0,68.0,0.0,0.0,68.0,37,83,54691,516,770,-254,14,-355,121,50010,"Halifax County, North Carolina",2765.0,2721.0,3495.0,2948.0,2701.0,5927.0,5412.0,6551.0,3897.0,3730.0,6132.0,3161.0,1238.0,20078.0,26439.0,1771.0,367.0,27467.0,1510.0,24445.0,26233.0,37,83
Harnett County,37085,133568.0,137058.0,3490.0,3490.0,1,2.54636723139109,0,0,0,0,13705.7,0,52876.0,48083.0,4793.0,3456.0,1901.0,966.0,23.0,912.0,0.0,1555.0,1403.0,0.0,152.0,37,85,114678,1850,1175,675,71,133,1499,135976,"Harnett County, North Carolina",9844.0,10021.0,9793.0,8980.0,8115.0,21188.0,18350.0,16473.0,7312.0,7370.0,10208.0,5043.0,1631.0,89770.0,28169.0,1316.0,1810.0,31313.0,17509.0,66571.0,67757.0,37,85
Haywood County,37087,62089.0,62972.0,883.0,883.0,1,1.4022105062567491,0,0,0,0,6297.1,0,34889.0,27193.0,7696.0,949.0,615.0,86.0,43.0,486.0,0.0,334.0,0.0,0.0,334.0,37,87,59036,531,850,-319,6,778,0,62317,"Haywood County, North Carolina",2916.0,2896.0,3308.0,3202.0,2938.0,7076.0,6736.0,8006.0,4576.0,4910.0,8796.0,4918.0,1584.0,58482.0,541.0,326.0,468.0,993.0,2557.0,30109.0,31753.0,37,87
Henderson County,37089,116281.0,118445.0,2164.0,2164.0,1,1.8270083160960784,0,0,0,0,11844.4,0,56434.0,49317.0,7117.0,1349.0,956.0,155.0,21.0,780.0,0.0,393.0,25.0,0.0,368.0,37,89,106740,1055,1553,-498,4,1598,2755,117417,"Henderson County, North Carolina",5509.0,6165.0,6478.0,6163.0,5236.0,11698.0,13206.0,14859.0,8448.0,8511.0,16874.0,9396.0,3755.0,105339.0,4168.0,323.0,1618.0,5277.0,11835.0,55747.0,60551.0,37,89
Hertford County,37091,21552.0,23108.0,1556.0,1556.0,1,6.73359875367838,1,0,0,0,2310.7,0,9803.0,8351.0,1452.0,2781.0,1677.0,1288.0,0.0,161.0,228.0,1104.0,1048.0,0.0,56.0,37,91,24669,206,317,-111,11,-429,254,23677,"Hertford County, North Carolina",1069.0,951.0,1573.0,1950.0,1626.0,2740.0,2569.0,2856.0,1765.0,1861.0,2743.0,1592.0,457.0,8255.0,14295.0,312.0,206.0,14603.0,885.0,11754.0,11998.0,37,91
Hoke County,37093,52082.0,55830.0,3748.0,3748.0,1,6.713236611140963,1,0,0,0,5582.9,0,20083.0,18590.0,1493.0,421.0,374.0,142.0,11.0,221.0,0.0,47.0,17.0,0.0,30.0,37,93,46952,846,422,424,38,201,67,55234,"Hoke County, North Carolina",4608.0,4314.0,3855.0,3501.0,3059.0,9643.0,7847.0,6356.0,3346.0,2591.0,3648.0,1211.0,611.0,24060.0,18320.0,4197.0,780.0,20008.0,7592.0,26979.0,27611.0,37,93
Hyde County,37095,4589.0,4843.0,254.0,254.0,1,5.244683047697708,1,0,0,0,484.2,0,3146.0,1804.0,1342.0,567.0,551.0,531.0,0.0,20.0,0.0,16.0,0.0,0.0,16.0,37,95,5810,34,56,-22,-2,-63,0,4937,"Hyde County, North Carolina",364.0,343.0,206.0,180.0,153.0,668.0,836.0,473.0,385.0,479.0,754.0,228.0,20.0,3231.0,1501.0,6.0,0.0,1568.0,677.0,2706.0,2383.0,37,95
Iredell County,37097,186693.0,185770.0,-923.0,923.0,0,-0.4968509447165851,0,0,0,0,18576.9,1,79372.0,72706.0,6666.0,1720.0,1504.0,324.0,48.0,1091.0,41.0,216.0,0.0,0.0,216.0,37,97,159437,1921,1814,107,138,3680,457,181806,"Iredell County, North Carolina",9885.0,10702.0,12704.0,11853.0,10180.0,21384.0,22606.0,26859.0,13027.0,11257.0,17208.0,8158.0,3030.0,143147.0,21605.0,550.0,4365.0,23477.0,13958.0,88179.0,90674.0,37,97
Jackson County,37099,43109.0,44033.0,924.0,924.0,1,2.0984261803647266,0,0,0,0,4403.2,0,26649.0,16876.0,9773.0,4597.0,193.0,0.0,0.0,158.0,35.0,4404.0,4238.0,0.0,166.0,37,99,40271,365,405,-40,17,319,53,43938,"Jackson County, North Carolina",1848.0,2011.0,1933.0,4456.0,5159.0,4766.0,4586.0,4617.0,2371.0,3066.0,5334.0,2339.0,949.0,36039.0,899.0,3245.0,318.0,1353.0,2663.0,21095.0,22340.0,37,99
Johnston County,37101,215999.0,216246.0,247.0,247.0,1,0.1142217659517401,0,0,0,0,21624.5,0,84340.0,79053.0,5287.0,1737.0,1429.0,865.0,13.0,543.0,8.0,308.0,0.0,0.0,308.0,37,101,168878,2481,1794,687,123,5680,1555,209339,"Johnston County, North Carolina",12776.0,12244.0,17613.0,13899.0,11180.0,25102.0,28082.0,30368.0,12870.0,12074.0,17174.0,6992.0,2934.0,152289.0,32889.0,971.0,1334.0,36135.0,27928.0,99822.0,103486.0,37,101
Jones County,37103,9172.0,9250.0,78.0,78.0,1,0.8432432432432432,0,0,0,0,924.9,0,4635.0,3873.0,762.0,83.0,74.0,6.0,0.0,68.0,0.0,9.0,0.0,0.0,9.0,37,103,10153,84,126,-42,0,-47,201,9419,"Jones County, North Carolina",419.0,509.0,500.0,536.0,330.0,1182.0,895.0,1278.0,808.0,792.0,1364.0,664.0,176.0,6079.0,2790.0,89.0,35.0,2950.0,480.0,4671.0,4782.0,37,103
Lee County,37105,63285.0,62353.0,-932.0,932.0,0,-1.4947155710230462,0,0,0,0,6235.2,1,26583.0,24575.0,2008.0,1029.0,854.0,416.0,0.0,438.0,0.0,175.0,0.0,0.0,175.0,37,105,57866,791,624,167,65,346,239,61779,"Lee County, North Carolina",3916.0,3897.0,4429.0,4004.0,3438.0,7583.0,7893.0,7928.0,3909.0,4052.0,5882.0,2832.0,1320.0,44316.0,11994.0,421.0,896.0,12851.0,11761.0,29511.0,31572.0,37,105
Lenoir County,37107,55122.0,55720.0,598.0,598.0,1,1.0732232591529074,0,0,0,0,5571.9,0,26577.0,22930.0,3647.0,1374.0,1053.0,94.0,74.0,747.0,138.0,321.0,0.0,0.0,321.0,37,107,59495,620,805,-185,9,-179,459,55949,"Lenoir County, North Carolina",3256.0,3565.0,3752.0,3304.0,3183.0,6564.0,5937.0,7234.0,4419.0,4027.0,6415.0,3206.0,1488.0,29875.0,21871.0,113.0,195.0,23778.0,4434.0,27180.0,29170.0,37,107
Lincoln County,37109,86810.0,88097.0,1287.0,1287.0,1,1.4608897011248965,0,0,0,0,8809.6,0,37170.0,34306.0,2864.0,800.0,642.0,218.0,0.0,424.0,0.0,158.0,0.0,0.0,158.0,37,109,78265,874,965,-91,31,1535,16,86111,"Lincoln County, North Carolina",4305.0,4798.0,5399.0,5191.0,4008.0,9591.0,10515.0,12978.0,6575.0,6238.0,9317.0,4184.0,1481.0,75047.0,4190.0,151.0,702.0,5226.0,6083.0,41833.0,42747.0,37,109
McDowell County,37111,44578.0,45782.0,1204.0,1204.0,1,2.629854527980429,0,0,0,0,4578.1,0,21242.0,18058.0,3184.0,1437.0,1214.0,944.0,15.0,255.0,0.0,223.0,0.0,0.0,223.0,37,111,44996,423,554,-131,5,124,78,45756,"McDowell County, North Carolina",2005.0,3008.0,2501.0,2535.0,2139.0,5399.0,5522.0,6268.0,3511.0,3187.0,5475.0,2814.0,1038.0,41218.0,1672.0,77.0,465.0,2086.0,2798.0,22941.0,22461.0,37,111
Macon County,37113,37014.0,35994.0,-1020.0,1020.0,0,-2.8338056342723785,0,0,0,0,3599.3,1,26948.0,16379.0,10569.0,318.0,229.0,78.0,26.0,64.0,61.0,89.0,0.0,0.0,89.0,37,113,33922,325,467,-142,20,390,102,35858,"Macon County, North Carolina",1641.0,1325.0,2185.0,1819.0,1619.0,3663.0,3320.0,4073.0,2736.0,2698.0,5873.0,3129.0,1091.0,32746.0,522.0,224.0,329.0,666.0,2543.0,16923.0,18249.0,37,113
Madison County,37115,21193.0,21740.0,547.0,547.0,1,2.516099356025759,0,0,0,0,2173.9,0,11045.0,8920.0,2125.0,870.0,194.0,0.0,7.0,187.0,0.0,676.0,589.0,0.0,87.0,37,115,20764,197,275,-78,7,174,0,21755,"Madison County, North Carolina",983.0,1092.0,997.0,1517.0,1416.0,2414.0,2491.0,2700.0,1551.0,1630.0,2863.0,1557.0,397.0,20496.0,320.0,72.0,107.0,547.0,533.0,10619.0,10989.0,37,115
Martin County,37117,22031.0,22178.0,147.0,147.0,1,0.6628190098295609,0,0,0,0,2217.7,0,11080.0,9554.0,1526.0,194.0,184.0,0.0,4.0,180.0,0.0,10.0,0.0,0.0,10.0,37,117,24505,228,320,-92,0,-181,206,22440,"Martin County, North Carolina",1186.0,1051.0,1606.0,1338.0,1042.0,2375.0,2384.0,2863.0,2028.0,1568.0,3088.0,1545.0,570.0,12132.0,9523.0,67.0,145.0,9699.0,942.0,10539.0,12105.0,37,117
Mecklenburg County,37119,1115482.0,1128945.0,13463.0,13463.0,1,1.1925293083365442,0,0,0,0,112894.4,0,478966.0,448814.0,30152.0,17423.0,5152.0,1584.0,118.0,3450.0,0.0,12271.0,10035.0,0.0,2236.0,37,119,919628,14706,7302,7404,4206,4008,6460,1110356,"Mecklenburg County, North Carolina",72857.0,71529.0,71343.0,69272.0,71418.0,187428.0,160963.0,146983.0,63972.0,56625.0,75426.0,33207.0,14147.0,568313.0,346514.0,3818.0,66376.0,365738.0,146710.0,526453.0,568717.0,37,119
Mitchell County,37121,14903.0,14881.0,-22.0,22.0,0,-0.1478395269135138,0,0,0,0,1488.0,1,8638.0,6612.0,2026.0,140.0,74.0,0.0,1.0,73.0,0.0,66.0,44.0,0.0,22.0,37,121,15579,135,245,-110,7,58,0,14964,"Mitchell County, North Carolina",696.0,627.0,900.0,808.0,773.0,1711.0,1529.0,1878.0,1226.0,1073.0,2116.0,990.0,632.0,14322.0,21.0,77.0,28.0,145.0,848.0,7453.0,7506.0,37,121
Montgomery County,37123,25751.0,27238.0,1487.0,1487.0,1,5.459284822674205,1,0,0,0,2723.7,0,14773.0,10333.0,4440.0,637.0,548.0,386.0,41.0,121.0,0.0,89.0,0.0,0.0,89.0,37,123,27798,280,333,-53,-1,83,282,27173,"Montgomery County, North Carolina",1433.0,1388.0,1750.0,1891.0,1708.0,2832.0,3023.0,3710.0,1846.0,2059.0,3321.0,1785.0,477.0,20566.0,4729.0,129.0,419.0,5201.0,4201.0,13514.0,13709.0,37,123
Moore County,37125,99727.0,103352.0,3625.0,3625.0,1,3.50743091570555,0,0,0,0,10335.1,0,48237.0,41881.0,6356.0,988.0,915.0,0.0,29.0,886.0,0.0,73.0,0.0,0.0,73.0,37,125,88247,1178,1266,-88,65,2223,746,100880,"Moore County, North Carolina",5784.0,5940.0,5933.0,5444.0,4186.0,11614.0,11600.0,11652.0,6399.0,6760.0,12762.0,8297.0,2892.0,80195.0,10994.0,782.0,1358.0,12414.0,6848.0,47786.0,51477.0,37,125
Nash County,37127,94970.0,94859.0,-111.0,111.0,0,-0.1170157813175344,0,0,0,0,9485.8,1,43154.0,39093.0,4061.0,1621.0,1240.0,770.0,14.0,453.0,3.0,381.0,188.0,0.0,193.0,37,127,95840,1061,1174,-113,45,670,255,94298,"Nash County, North Carolina",5230.0,5776.0,5843.0,5848.0,6221.0,11145.0,10820.0,12739.0,6928.0,6510.0,10559.0,4320.0,2348.0,48456.0,38174.0,583.0,858.0,39526.0,6692.0,45118.0,49169.0,37,127
New Hanover County,37129,225702.0,236613.0,10911.0,10911.0,1,4.611327357330324,0,0,0,0,23661.2,0,113368.0,98109.0,15259.0,5830.0,1474.0,597.0,21.0,856.0,0.0,4356.0,3661.0,81.0,614.0,37,129,202667,2137,2276,-139,82,2391,293,234473,"New Hanover County, North Carolina",11197.0,12563.0,11616.0,15336.0,21541.0,30393.0,29311.0,28335.0,15551.0,14537.0,24666.0,11466.0,4936.0,186681.0,30436.0,544.0,3145.0,33715.0,13197.0,110218.0,121230.0,37,129
Northampton County,37131,17471.0,19088.0,1617.0,1617.0,1,8.471290863369656,1,0,0,0,1908.7,0,10570.0,7801.0,2769.0,335.0,317.0,21.0,0.0,296.0,0.0,18.0,0.0,0.0,18.0,37,131,22099,164,309,-145,6,-268,778,19483,"Northampton County, North Carolina",851.0,968.0,1016.0,947.0,910.0,2188.0,1857.0,2443.0,1682.0,1716.0,2886.0,1656.0,552.0,7740.0,10903.0,100.0,63.0,11345.0,467.0,9596.0,10076.0,37,131
Onslow County,37133,204576.0,203943.0,-633.0,633.0,0,-0.3103808417057707,0,0,0,0,20394.2,1,84180.0,69576.0,14604.0,24059.0,594.0,237.0,24.0,255.0,78.0,23465.0,25.0,23246.0,194.0,37,133,177772,3802,1269,2533,48,-1430,168,197938,"Onslow County, North Carolina",17143.0,12752.0,12264.0,14974.0,34716.0,36567.0,20457.0,15500.0,8431.0,7334.0,10895.0,5663.0,1681.0,146790.0,28312.0,1082.0,3958.0,35120.0,25483.0,110051.0,88326.0,37,133
Orange County,37135,148696.0,149077.0,381.0,381.0,1,0.2555726235435379,0,0,0,0,14907.6,0,61211.0,57059.0,4152.0,11373.0,928.0,307.0,0.0,621.0,0.0,10445.0,9993.0,0.0,452.0,37,135,133801,1127,925,202,392,284,2366,148476,"Orange County, North Carolina",6521.0,7620.0,9002.0,14033.0,17896.0,17982.0,16717.0,18426.0,8910.0,8647.0,12969.0,5648.0,1983.0,110108.0,16364.0,725.0,11564.0,18477.0,12373.0,69669.0,76685.0,37,135
Pamlico County,37137,12276.0,12715.0,439.0,439.0,1,3.4526150216279987,0,0,0,0,1271.4,0,7118.0,5193.0,1925.0,770.0,750.0,633.0,0.0,117.0,0.0,20.0,0.0,0.0,20.0,37,137,13144,76,188,-112,-2,181,1,12726,"Pamlico County, North Carolina",376.0,498.0,608.0,598.0,598.0,1202.0,1302.0,1462.0,946.0,1282.0,2281.0,1098.0,422.0,9671.0,2355.0,29.0,73.0,2525.0,511.0,6438.0,6235.0,37,137
Pasquotank County,37139,40568.0,40372.0,-196.0,196.0,0,-0.4854849895967502,0,0,0,0,4037.1,1,17410.0,15616.0,1794.0,2471.0,1435.0,1018.0,17.0,400.0,0.0,1036.0,826.0,148.0,62.0,37,139,40661,455,408,47,25,330,617,39824,"Pasquotank County, North Carolina",2561.0,2309.0,2570.0,2692.0,2423.0,5421.0,4585.0,4953.0,2757.0,2768.0,4041.0,1832.0,863.0,22930.0,14334.0,66.0,466.0,15383.0,2302.0,19434.0,20341.0,37,139
Pender County,37141,60203.0,64671.0,4468.0,4468.0,1,6.908815388659523,1,0,0,0,6467.0,0,29927.0,22962.0,6965.0,1160.0,1124.0,742.0,12.0,279.0,91.0,36.0,0.0,0.0,36.0,37,141,52217,619,650,-31,15,1654,65,63060,"Pender County, North Carolina",3441.0,3559.0,4273.0,3995.0,3075.0,6489.0,8170.0,8601.0,4862.0,4423.0,6834.0,3020.0,1149.0,47895.0,8791.0,173.0,321.0,9627.0,4521.0,31006.0,30885.0,37,141
Perquimans County,37143,13005.0,13667.0,662.0,662.0,1,4.8437842979439525,0,0,0,0,1366.6,0,6866.0,5566.0,1300.0,105.0,71.0,0.0,0.0,71.0,0.0,34.0,0.0,0.0,34.0,37,143,13453,119,148,-29,-3,122,106,13463,"Perquimans County, North Carolina",605.0,779.0,776.0,723.0,447.0,1260.0,1268.0,1706.0,843.0,1347.0,2174.0,1166.0,419.0,9962.0,3203.0,27.0,63.0,3267.0,369.0,6521.0,6992.0,37,143
Person County,37145,39097.0,39925.0,828.0,828.0,1,2.0738885410144023,0,0,0,0,3992.4,0,18284.0,16176.0,2108.0,360.0,260.0,44.0,0.0,216.0,0.0,100.0,0.0,0.0,100.0,37,145,39464,414,492,-78,10,372,57,39490,"Person County, North Carolina",2120.0,2027.0,2483.0,2758.0,1887.0,4297.0,4708.0,5320.0,2985.0,3205.0,4621.0,2311.0,839.0,26525.0,10075.0,243.0,150.0,10991.0,1756.0,19046.0,20515.0,37,145
Pitt County,37147,170243.0,182924.0,12681.0,12681.0,1,6.932387220922351,1,0,0,0,18292.3,0,80515.0,70016.0,10499.0,5122.0,1338.0,357.0,40.0,941.0,0.0,3784.0,3577.0,0.0,207.0,37,147,168148,2062,1548,514,75,1068,198,180742,"Pitt County, North Carolina",10348.0,10197.0,11340.0,15203.0,22718.0,24949.0,21038.0,20102.0,10036.0,10256.0,14345.0,7012.0,2417.0,101118.0,62752.0,635.0,3227.0,65835.0,11526.0,84646.0,95315.0,37,147
Polk County,37149,19328.0,21030.0,1702.0,1702.0,1,8.093200190204469,1,0,0,0,2102.9,0,10775.0,8538.0,2237.0,440.0,414.0,52.0,0.0,349.0,13.0,26.0,0.0,0.0,26.0,37,149,20510,153,296,-143,8,446,194,20724,"Polk County, North Carolina",686.0,882.0,1086.0,1028.0,894.0,1725.0,1947.0,2551.0,1751.0,1715.0,3355.0,2238.0,824.0,18768.0,996.0,75.0,153.0,1007.0,1230.0,9733.0,10949.0,37,149
Randolph County,37151,144171.0,144557.0,386.0,386.0,1,0.2670226969292389,0,0,0,0,14455.6,0,62024.0,57470.0,4554.0,1604.0,1201.0,448.0,62.0,691.0,0.0,403.0,13.0,0.0,390.0,37,151,141752,1531,1720,-189,2,1251,897,143667,"Randolph County, North Carolina",8086.0,8836.0,9446.0,9262.0,8127.0,16873.0,16708.0,20653.0,11063.0,8993.0,15132.0,7467.0,2814.0,120630.0,8855.0,440.0,1763.0,10898.0,16739.0,70830.0,72630.0,37,151
Richmond County,37153,42946.0,44332.0,1386.0,1386.0,1,3.1264098168365964,0,0,0,0,4433.1,0,19605.0,17454.0,2151.0,963.0,882.0,716.0,5.0,151.0,10.0,81.0,0.0,0.0,81.0,37,153,46639,552,621,-69,-5,-358,228,44829,"Richmond County, North Carolina",2736.0,2100.0,3456.0,2683.0,3207.0,5344.0,5150.0,6033.0,2923.0,3195.0,4742.0,2605.0,585.0,27065.0,14269.0,1155.0,458.0,14732.0,2973.0,21891.0,22868.0,37,153
Robeson County,37155,116530.0,129999.0,13469.0,13469.0,1,10.360848929607153,1,0,1,0,12999.8,0,48426.0,43402.0,5024.0,3941.0,1721.0,1060.0,38.0,623.0,0.0,2220.0,1916.0,0.0,304.0,37,155,134168,1661,1525,136,35,-617,1218,130625,"Robeson County, North Carolina",8738.0,9159.0,9462.0,9963.0,9056.0,16700.0,15528.0,16393.0,7840.0,8789.0,12456.0,5775.0,1797.0,35898.0,31370.0,52907.0,769.0,32368.0,11688.0,63484.0,68172.0,37,155
Rockingham County,37157,91096.0,91285.0,189.0,189.0,1,0.2070438735827353,0,0,0,0,9128.4,0,43431.0,38740.0,4691.0,979.0,790.0,173.0,9.0,608.0,0.0,189.0,0.0,0.0,189.0,37,157,93643,898,1320,-422,0,590,173,91010,"Rockingham County, North Carolina",4677.0,5202.0,5238.0,5230.0,4892.0,10020.0,10301.0,12614.0,7357.0,6966.0,10730.0,5851.0,1973.0,68154.0,16580.0,473.0,639.0,18113.0,5630.0,43718.0,47333.0,37,157
Rowan County,37159,146875.0,142495.0,-4380.0,4380.0,0,-3.0737920628793995,0,0,0,0,14249.4,1,63200.0,57433.0,5767.0,4109.0,2210.0,1174.0,97.0,939.0,0.0,1899.0,1539.0,0.0,360.0,37,159,138428,1573,1723,-150,20,805,2301,142088,"Rowan County, North Carolina",8016.0,8933.0,8775.0,9379.0,8447.0,17565.0,16361.0,19231.0,10335.0,9283.0,14547.0,7310.0,2796.0,107430.0,22737.0,802.0,1431.0,24760.0,12736.0,69673.0,71305.0,37,159
Rutherford County,37161,64444.0,67076.0,2632.0,2632.0,1,3.923907209732244,0,0,0,0,6707.5,0,32444.0,26652.0,5792.0,1175.0,924.0,458.0,18.0,443.0,5.0,251.0,0.0,0.0,251.0,37,161,67810,663,928,-265,-6,316,515,67029,"Rutherford County, North Carolina",3399.0,3930.0,3672.0,4282.0,3304.0,7266.0,7379.0,9194.0,4887.0,5095.0,8507.0,4283.0,1543.0,57134.0,6138.0,251.0,345.0,7223.0,3047.0,32341.0,34400.0,37,161
Sampson County,37163,59036.0,63382.0,4346.0,4346.0,1,6.856836325770724,1,0,0,0,6338.1,0,25481.0,22562.0,2919.0,1139.0,756.0,582.0,0.0,174.0,0.0,383.0,0.0,0.0,383.0,37,163,63431,780,752,28,86,-105,182,63531,"Sampson County, North Carolina",4088.0,4180.0,4487.0,4080.0,3968.0,7089.0,7481.0,8315.0,4285.0,3971.0,6589.0,3767.0,984.0,38439.0,16115.0,1318.0,370.0,17140.0,12665.0,31128.0,32156.0,37,163
Scotland County,37165,34174.0,34637.0,463.0,463.0,1,1.3367208476484684,0,0,0,0,3463.6,0,14348.0,12870.0,1478.0,3275.0,2857.0,2613.0,0.0,243.0,1.0,418.0,384.0,0.0,34.0,37,165,36157,435,451,-16,14,-138,24,34823,"Scotland County, North Carolina",2256.0,2356.0,2099.0,2266.0,2296.0,4371.0,4178.0,4195.0,2266.0,2406.0,3712.0,1837.0,683.0,15069.0,13542.0,4217.0,269.0,14001.0,1126.0,17272.0,17649.0,37,165
Stanly County,37167,62504.0,63239.0,735.0,735.0,1,1.1622574677018929,0,0,0,0,6323.8,0,27685.0,24742.0,2943.0,2031.0,1365.0,943.0,10.0,412.0,0.0,666.0,417.0,0.0,249.0,37,167,60585,675,795,-120,3,713,321,62806,"Stanly County, North Carolina",3372.0,3794.0,3776.0,3949.0,3608.0,7832.0,6976.0,8488.0,4336.0,4177.0,6904.0,3355.0,1483.0,51637.0,7206.0,317.0,1058.0,7707.0,2706.0,31014.0,31036.0,37,167
Stokes County,37169,44520.0,45743.0,1223.0,1223.0,1,2.673633124193866,0,0,0,0,4574.2,0,21160.0,18893.0,2267.0,628.0,564.0,103.0,0.0,461.0,0.0,64.0,0.0,0.0,64.0,37,169,47401,384,599,-215,23,301,10,45591,"Stokes County, North Carolina",1935.0,2440.0,2514.0,2605.0,2503.0,4767.0,5017.0,6909.0,3699.0,3910.0,5371.0,3065.0,953.0,42399.0,1810.0,235.0,175.0,2115.0,1485.0,22146.0,23542.0,37,169
Surry County,37171,71359.0,71683.0,324.0,324.0,1,0.4519900115787564,0,0,0,0,7168.2,0,33436.0,29659.0,3777.0,950.0,661.0,150.0,4.0,507.0,0.0,289.0,0.0,0.0,289.0,37,171,73673,759,1006,-247,15,172,86,71783,"Surry County, North Carolina",3820.0,4083.0,4491.0,4492.0,4063.0,7863.0,8029.0,10265.0,4886.0,5234.0,8385.0,4365.0,1928.0,64195.0,2703.0,239.0,464.0,3418.0,7822.0,34852.0,37052.0,37,171
Swain County,37173,14117.0,14179.0,62.0,62.0,1,0.4372663798575358,0,0,0,0,1417.8,0,8341.0,5734.0,2607.0,397.0,314.0,112.0,20.0,182.0,0.0,83.0,0.0,0.0,83.0,37,173,13981,161,250,-89,1,-46,0,14271,"Swain County, North Carolina",776.0,920.0,1025.0,883.0,860.0,1642.0,1577.0,1873.0,925.0,1040.0,1560.0,795.0,365.0,9221.0,95.0,4294.0,64.0,252.0,860.0,6878.0,7363.0,37,173
Transylvania County,37175,32986.0,34498.0,1512.0,1512.0,1,4.382862774653603,0,0,0,0,3449.7,0,19025.0,14385.0,4640.0,869.0,229.0,13.0,0.0,216.0,0.0,640.0,510.0,0.0,130.0,37,175,33090,268,448,-180,6,406,27,34385,"Transylvania County, North Carolina",1368.0,1665.0,1341.0,1768.0,1853.0,3352.0,3237.0,3875.0,2463.0,2847.0,5586.0,3362.0,1322.0,31138.0,1454.0,130.0,56.0,1604.0,1131.0,16273.0,17766.0,37,175
Tyrrell County,37177,3245.0,3774.0,529.0,529.0,1,14.016958134605192,1,0,1,0,377.3,0,1999.0,1444.0,555.0,17.0,0.0,0.0,0.0,0.0,0.0,17.0,0.0,0.0,17.0,37,177,4407,27,41,-14,0,-25,0,4016,"Tyrrell County, North Carolina",91.0,206.0,168.0,108.0,355.0,487.0,461.0,690.0,239.0,272.0,392.0,394.0,115.0,2330.0,1422.0,24.0,19.0,1481.0,175.0,2271.0,1707.0,37,177
Union County,37179,238267.0,244562.0,6295.0,6295.0,1,2.573989417816341,0,0,0,0,24456.1,0,83788.0,80167.0,3621.0,2912.0,1021.0,204.0,4.0,798.0,15.0,1891.0,1707.0,0.0,184.0,37,179,201292,2374,1673,701,80,3774,1284,239859,"Union County, North Carolina",13397.0,16779.0,20415.0,19914.0,14177.0,22750.0,31990.0,38395.0,16726.0,11456.0,18505.0,8346.0,2917.0,187121.0,27297.0,574.0,7804.0,30594.0,26526.0,116112.0,119655.0,37,179
Vance County,37181,42578.0,44718.0,2140.0,2140.0,1,4.785544970705309,0,0,0,0,4471.7,0,19276.0,17038.0,2238.0,479.0,345.0,116.0,9.0,220.0,0.0,134.0,0.0,0.0,134.0,37,181,45422,558,567,-9,64,-8,1423,44535,"Vance County, North Carolina",2793.0,2245.0,3690.0,2871.0,2839.0,5336.0,4751.0,5838.0,3039.0,3072.0,4859.0,2427.0,854.0,18644.0,21924.0,499.0,375.0,23185.0,3567.0,20783.0,23831.0,37,181
Wake County,37183,1129410.0,1132271.0,2861.0,2861.0,1,0.2526780249604556,0,0,0,0,113227.0,0,462582.0,437043.0,25539.0,21136.0,6433.0,4032.0,91.0,2152.0,158.0,14703.0,11890.0,0.0,2813.0,37,183,900993,12716,6757,5959,2854,10635,2294,1111761,"Wake County, North Carolina",67034.0,72492.0,76241.0,75511.0,68797.0,161738.0,162919.0,155500.0,67600.0,56697.0,79088.0,32424.0,15621.0,696626.0,220232.0,3413.0,80059.0,240329.0,110961.0,531038.0,560624.0,37,183
Warren County,37185,18642.0,19522.0,880.0,880.0,1,4.507734863231226,0,0,0,0,1952.1,0,11309.0,7894.0,3415.0,870.0,798.0,654.0,8.0,136.0,0.0,72.0,0.0,0.0,72.0,37,185,20972,148,272,-124,-4,-40,104,19731,"Warren County, North Carolina",869.0,1109.0,911.0,1473.0,879.0,1907.0,2189.0,2113.0,1428.0,1851.0,2897.0,1537.0,583.0,7707.0,9913.0,1119.0,99.0,10236.0,761.0,9649.0,10097.0,37,185
Washington County,37187,11003.0,11485.0,482.0,482.0,1,4.196778406617327,0,0,0,0,1148.4,0,6039.0,4871.0,1168.0,169.0,161.0,18.0,3.0,140.0,0.0,8.0,0.0,0.0,8.0,37,187,13228,128,179,-51,-3,-94,221,11580,"Washington County, North Carolina",247.0,847.0,886.0,889.0,679.0,987.0,1091.0,1357.0,874.0,1046.0,1655.0,873.0,357.0,5416.0,5727.0,53.0,35.0,5746.0,644.0,5600.0,6188.0,37,187
Watauga County,37189,54086.0,56441.0,2355.0,2355.0,1,4.172498715472795,0,0,0,0,5644.0,0,32637.0,21413.0,11224.0,6969.0,209.0,59.0,0.0,150.0,0.0,6760.0,6573.0,0.0,187.0,37,189,51079,328,424,-96,31,232,0,56177,"Watauga County, North Carolina",1810.0,2098.0,1905.0,7186.0,9989.0,6155.0,5116.0,5787.0,3268.0,3446.0,5397.0,2771.0,741.0,52021.0,958.0,278.0,649.0,1283.0,2091.0,27764.0,27905.0,37,189
Wayne County,37191,117333.0,123967.0,6634.0,6634.0,1,5.351424169335388,1,0,0,0,12396.6,0,52551.0,45997.0,6554.0,3972.0,2516.0,1388.0,26.0,491.0,611.0,1456.0,400.0,580.0,476.0,37,191,122623,1609,1521,88,207,-236,1245,123131,"Wayne County, North Carolina",8117.0,7535.0,8807.0,7922.0,8996.0,16675.0,14075.0,15137.0,7581.0,8583.0,11994.0,6327.0,2036.0,76823.0,37614.0,324.0,1473.0,40356.0,14944.0,60600.0,63185.0,37,191
Wilkes County,37193,65969.0,68043.0,2074.0,2074.0,1,3.0480725423629176,0,0,0,0,6804.2,0,31545.0,27612.0,3933.0,1051.0,967.0,416.0,75.0,476.0,0.0,84.0,0.0,0.0,84.0,37,193,69340,679,906,-227,30,-57,268,68412,"Wilkes County, North Carolina",3438.0,3834.0,4001.0,4048.0,3760.0,7453.0,7533.0,9397.0,5259.0,4916.0,8434.0,4538.0,1730.0,61780.0,2642.0,140.0,406.0,3585.0,4515.0,33685.0,34656.0,37,193
Wilson County,37195,78784.0,81979.0,3195.0,3195.0,1,3.897339562570902,0,0,0,0,8197.8,0,36252.0,32222.0,4030.0,973.0,769.0,154.0,5.0,610.0,0.0,204.0,46.0,0.0,158.0,37,195,81234,973,1011,-38,51,190,810,81801,"Wilson County, North Carolina",4819.0,4892.0,5746.0,5541.0,4895.0,9821.0,9302.0,10393.0,5560.0,5800.0,8822.0,4357.0,1631.0,40722.0,32464.0,401.0,516.0,33662.0,8577.0,38464.0,43115.0,37,195
Yadkin County,37197,37214.0,37625.0,411.0,411.0,1,1.092358803986711,0,0,0,0,3762.4,0,16946.0,15225.0,1721.0,461.0,348.0,83.0,7.0,258.0,0.0,113.0,0.0,0.0,113.0,37,197,38406,364,469,-105,-4,116,163,37667,"Yadkin County, North Carolina",1913.0,2054.0,2443.0,2124.0,2131.0,4313.0,4138.0,5443.0,2901.0,2707.0,4181.0,2434.0,807.0,34336.0,1211.0,125.0,38.0,1438.0,4198.0,18627.0,18962.0,37,197
Yancey County,37199,18470.0,18099.0,-371.0,371.0,0,-2.049837007569479,0,0,0,0,1809.8,1,11230.0,8120.0,3110.0,131.0,123.0,37.0,0.0,86.0,0.0,8.0,0.0,0.0,8.0,37,199,17818,178,249,-71,3,108,0,18069,"Yancey County, North Carolina",860.0,855.0,961.0,927.0,938.0,1809.0,1898.0,2387.0,1218.0,1416.0,2656.0,1419.0,526.0,17004.0,114.0,99.0,53.0,276.0,928.0,8820.0,9050.0,37,199
